,kmer,norm_pwm_score,dl,mult,kl_rank,norm_kl_rank,norm_kl_score,symmetric_kl,jaccard
0,GCGC,0.839327731092437,2461,8298,0.005856773925784073,1.0,0.6745945687438831,7.26547696003991,14.114551083591332
1,GCCC,0.7280672268907563,4101,15615,0.005229541004441714,0.9401355162110149,0.7504315017673783,3.639980669547061,4.089354912240712
2,CCCC,0.7542857142857143,3818,16365,0.005186600000649145,0.9360371327589448,0.6479833965021362,4.180882587953863,4.657122405153901
3,CCGC,0.7717647058823529,2361,8206,0.005149556443330954,0.932501614515076,0.6685355151115097,7.217256287423764,12.525815217391305
4,GCGG,0.7805042016806722,2355,8171,0.005056973314774446,0.9236652779485209,0.6630593813790038,7.289856269703561,13.032440056417489
5,GGGC,0.9754621848739495,4111,15370,0.004930538893172445,0.9115980998320339,0.7551389540885671,3.7183896871125994,4.125577100646352
6,GGGG,0.9623529411764706,3829,15980,0.004803123962235573,0.8994373397570988,0.6828964641199563,4.273086537903096,4.643631110040935
7,GGCG,0.9764705882352941,2679,8786,0.00479861719210774,0.899007203745295,0.6671330941089216,6.736696773309196,9.81329423264907
8,CGCC,0.7721008403361345,2647,8746,0.004679266970971211,0.8876161572371675,0.666384841986911,6.740756760341028,9.677917068466732
9,CGCG,0.6773109243697479,1378,5076,0.004450132954176004,0.8657471048210639,0.7509940311924865,8.905861972310243,35.12101910828026
10,CCCG,0.6890756302521008,2550,8157,0.004126857436109723,0.8348929813333533,0.6303306024469156,6.613691879783101,8.965779467680608
11,CGGC,0.8100840336134454,2289,7200,0.004087841438810974,0.8311692090976686,0.6853118398269863,7.3995995058136135,11.926512968299711
12,GCCG,0.7452100840336134,2274,7098,0.0038987493455831714,0.8131218455673311,0.6794636740008588,7.342355561876632,11.462290502793296
13,CCGG,0.7065546218487395,2512,7366,0.0038540201234543887,0.8088527906406674,0.6469662665363873,6.870307794522438,9.332599118942731
14,GGCC,0.8625210084033613,3977,14260,0.003811393178795804,0.8047843816802024,0.6237890671299451,3.4343801372756624,3.7120280948200177
15,CGGG,0.7300840336134454,2543,7909,0.003681425251326981,0.7923799580246421,0.6191767247083753,6.612446980799842,8.589483394833948
16,AGGG,0.9492436974789916,4450,15723,0.003358848013309428,0.7615924799141668,0.9575589158020397,2.731912086336949,3.0934038684080014
17,CCCT,0.6194957983193278,4425,15675,0.0032487533282361835,0.7510848020395495,0.8807500192182561,2.6221586486369945,2.980756895445799
18,GCAG,0.8473949579831933,4546,16955,0.0031071020632948178,0.7375652950665679,0.8228890911517179,2.1193984125333145,2.6456284879085836
19,CTGC,0.5919327731092437,4545,16593,0.0028722004987802,0.7151457752639441,0.877179823131067,2.146661516414456,2.642031711905402
20,CTGG,0.6752941176470588,4651,18947,0.00262397539579249,0.6914546277680109,0.8429537163526502,1.7151370222386926,2.3924064057694348
21,CAGC,0.8114285714285714,4511,16774,0.002599099388273192,0.6890804071265199,0.7494412486420524,2.1044883774666308,2.539751079502159
22,CCAG,0.9347899159663866,4640,18976,0.0025856382541301157,0.6877956470011027,0.8627679873014972,1.8120470172397685,2.430861295148536
23,GCTG,0.7183193277310924,4499,16432,0.00257880755653886,0.6871437102622848,0.7858066063285978,2.098970776478997,2.54474505723205
24,CGCT,0.7119327731092437,2432,5050,0.0025036670362379634,0.6799721344307387,0.671194593070764,6.745791467967913,8.554904831625183
25,GGAG,0.8110924369747899,4432,17080,0.002370906864011958,0.6673012128199316,0.7212502258099582,2.270278388131935,2.681011365087473
26,CAGG,0.9253781512605042,4604,18548,0.002350159812853587,0.6653210688168371,0.8532173368423023,1.9575545733902502,2.463699978132517
27,CCTG,0.7152941176470589,4611,18637,0.0022921972767987165,0.659788997425241,0.8523112767504575,1.8891036842980258,2.417005347593583
28,GAGG,0.8840336134453781,4377,16457,0.0022285622736937854,0.6537155333544546,0.742854236370143,2.5036484514782504,2.8437241379310345
29,AGCG,0.76,2412,4976,0.0022252609379905075,0.653400446644293,0.6614525294985621,6.7967712167303285,8.017735334242838
30,CTCC,0.666218487394958,4404,16564,0.0020660930128994187,0.6382091112613387,0.7037201685094134,2.339205849531056,2.7450125511956665
31,GCTC,0.6746218487394958,4173,11388,0.0020602010204784694,0.6376467665999428,0.735312422241411,2.933123923174307,2.9102265509210246
32,GAGC,0.6803361344537815,4143,11527,0.0019453949865713977,0.6266894272737498,0.6785369481132502,2.828465310300508,2.8613153594771243
33,GGGA,0.7640336134453781,4342,14744,0.0019119125875000091,0.6234937937726641,0.6697965871873673,2.3677902955481427,2.6446508927275367
34,CCTC,0.7805042016806722,4357,15867,0.0018999730208003405,0.6223542553766084,0.7508091408786851,2.563369726111395,2.811312849162011
35,TCCC,0.6517647058823529,4293,14569,0.0018436726023884015,0.6169808201332516,0.6306214099045997,2.344236327072185,2.62361677344205
36,CGCA,0.6319327731092437,2168,4078,0.0017773907780831077,0.6106547376499905,0.705141677717413,7.218731136168746,9.213483146067416
37,TGCG,0.68,2163,4081,0.0017676246548644547,0.6097226374600753,0.6703599639413289,6.875799859601761,8.234797297297296
38,TCCG,0.639327731092437,2143,4004,0.0016964406305431518,0.6029286782704054,0.6900012180224045,7.188689851011462,8.58259325044405
39,TGGC,0.920672268907563,4472,13138,0.0016623090904343389,0.5996710893269483,0.8526233834976844,2.1972106459175236,2.453831948291782
40,CGGA,0.598655462184874,2175,4085,0.001654618643526764,0.5989370962303435,0.6823158990057188,7.009068623735276,8.09967320261438
41,GGCT,0.8117647058823529,4336,13323,0.001642888369590041,0.5978175331939799,0.7235982443067361,2.3860032087432463,2.5736421975269996
42,AGCC,0.7794957983193277,4325,13537,0.0016306696606722384,0.5966513528532436,0.7047072689518311,2.402311246645429,2.545412983846388
43,GCCA,0.9734453781512605,4420,13301,0.0016135196744774777,0.5950145206086279,0.7972214219063138,2.219391003461938,2.453280919262171
44,CCAC,1.0,4367,13277,0.001576840518503406,0.5915137816271595,0.771425173249619,2.446087482779468,2.6442920918367347
45,TGCC,0.786218487394958,4409,12973,0.0015712689558898432,0.5909820194883912,0.7986297991332441,2.3083388660515376,2.542289348171701
46,TGGG,0.7321008403361344,4472,16127,0.0015262581447232572,0.5866860890872183,0.6882408676908429,2.04532077894199,2.4923907707412862
47,GGTG,0.907563025210084,4267,12476,0.0015252858722666384,0.5865932932744712,0.7758407542676031,2.8001497753380304,2.823329760628796
48,GTGG,0.8645378151260504,4364,13315,0.0015206272798517844,0.5861486670110702,0.7526482214111104,2.4130257685533807,2.6173421300659756
49,GGCA,0.9310924369747899,4395,12803,0.0015170676119421666,0.5858089245093319,0.822241710955026,2.453012317387365,2.5837126137841353
50,CCCA,0.8389915966386554,4430,16032,0.0015076526357670828,0.5849103385623431,0.6720368760749399,2.0608887277839094,2.4372799028536734
51,CACC,0.8766386554621849,4225,12404,0.0014501256593018438,0.5794198379319514,0.7161226732179106,2.748978780868619,2.7692036645525016
52,GTCC,0.7566386554621849,3676,8133,0.0013573726517610663,0.5705672877430659,0.6542696447760017,3.8164422611709456,3.2662835249042144
53,CGAG,0.7831932773109244,2218,4294,0.0013514793052322417,0.5700048138426483,0.6683315819637017,6.813461919110577,6.818067754077791
54,GGAC,0.733781512605042,3633,8178,0.0013254784330899603,0.5675232336578425,0.625103230017869,3.8750779816059095,3.327348509137544
55,GGGT,0.7515966386554622,3899,9621,0.001318780442250334,0.5668839627420567,0.6419597729176774,3.313477972734114,3.013076733283987
56,TCGC,0.6228571428571429,1902,3203,0.0013037258704703695,0.5654471214386011,0.7189121375553786,7.427888527555774,8.866515837104073
57,ACCC,0.6712605042016807,3858,9667,0.0012882543746718792,0.5639704879936634,0.6144814277535446,3.3083245643544577,3.005860805860806
58,AGGC,0.824201680672269,4323,13482,0.001264976205483876,0.5617487685421236,0.7212767041647753,2.4447746885739043,2.5727791116446577
59,CCGA,0.6077310924369748,2032,3525,0.0012644357729046766,0.5616971884731004,0.6989352787393214,7.13913955931004,7.649214659685864
60,CTCG,0.5936134453781513,2221,4120,0.001255143984130598,0.5608103598014705,0.6628462483713243,6.719228293681697,6.567839195979899
61,GCGA,0.704873949579832,1857,3237,0.0012416347690074937,0.5595210107220119,0.7267049216144861,7.678619237007517,9.680190930787589
62,GCCT,0.7539495798319328,4332,13503,0.0011821059288871366,0.5538394478398603,0.6900684661709396,2.2925032023861585,2.536614115220274
63,TCGG,0.6063865546218488,2014,3455,0.0011677465523859706,0.5524689574964416,0.6882097270217745,7.106545613655429,7.512953367875648
64,ACCG,0.6887394957983193,1956,3071,0.0011483157669001781,0.5506144407720451,0.7026586623762751,7.161629089993761,7.902083333333334
65,GTGC,0.6789915966386555,3913,9172,0.0011423145511488837,0.5500416715967782,0.6479841724167924,3.2435421792171493,2.8686545096106455
66,ACGC,0.5976470588235294,1975,3240,0.0010730271841889946,0.5434287335397725,0.6959372960735605,6.940154667205071,7.4148550724637685
67,GCAC,0.7939495798319328,3925,9041,0.0010544271642580392,0.5416535068994862,0.6601701805510898,3.2866085693964147,2.8772060651255282
68,CGGT,0.653109243697479,1897,2948,0.001033775685197521,0.5396824845067344,0.7247341298134056,7.360106162961688,8.515981735159817
69,GCGT,0.6897478991596638,1970,3188,0.0010314502441497095,0.5394605393199113,0.7042283055837946,7.229199716266081,7.770992366412214
70,GGTC,0.7388235294117647,3566,7363,0.0010217829228985089,0.5385378690061675,0.6050263455649464,3.808251275530136,3.177142857142857
71,CGTC,0.5734453781512605,1856,2976,0.0009957369646743028,0.5360519857069544,0.7265775326270364,7.4903277316066355,8.212121212121213
72,GACC,0.8060504201680673,3532,7418,0.0009674443735003356,0.533351678838403,0.5785479036954212,3.7482975893590016,3.0851132686084144
73,GACG,0.7347899159663865,1835,2940,0.0009516393755450961,0.5318432152171833,0.7300631154820502,7.517529296859745,8.334801762114537
74,CGTG,0.6040336134453782,2409,4171,0.0009317983721371113,0.5299495463958265,0.6236794788564881,6.304610999956182,5.46772591857001
75,CCGT,0.597983193277311,2040,3235,0.00093153270888485,0.5299241909131706,0.6770477521459846,6.8713204431152,6.677884615384615
76,GTCG,0.7398319327731092,1511,2244,0.000924055405925121,0.5292105407417796,0.7588272896950374,7.932537135711034,10.945098039215686
77,CACG,0.7472268907563026,2448,4110,0.0008746985889848931,0.5244998180308755,0.6193552148937925,6.197846120670956,5.319024390243903
78,CGAC,0.6964705882352941,1494,2199,0.0008722006812847211,0.5242614122490118,0.7822589399610242,8.15044697627329,11.717299578059071
79,ACGG,0.6756302521008404,2031,3160,0.0007747980737404391,0.5149650940521598,0.7044989468193494,7.101075059925004,7.141176470588236
80,AGAG,0.8709243697478991,4490,15498,0.0007196512213597605,0.5097017576773862,0.6177824252214091,1.8970815820659634,2.3743848136864307
81,TTCC,0.6803361344537815,4427,13466,0.0005910253070182571,0.4974254186939971,0.6447997990424275,1.959806663319688,2.348725477111971
82,TCTG,0.4588235294117647,4593,15065,0.0005845909277017262,0.4968113074393418,0.7433467909387411,1.6746524069228397,2.182392064028858
83,AGGA,0.7979831932773109,4472,14814,0.0005556092391943817,0.4940452316120203,0.6022566627084471,1.8330113649409348,2.288502484031228
84,AGCT,0.7052100840336134,4404,11968,0.000554207897923965,0.49391148453193057,0.675724277187175,2.019942416306785,2.2673718231232556
85,TGCT,0.5152941176470588,4415,12691,0.0005477837168706422,0.4932983466218523,0.6411173824948697,2.0037890634453888,2.327288064107971
86,CTCT,0.6205042016806722,4513,15175,0.0005238436374345037,0.4910134530065035,0.6484675317491697,1.8449075640556467,2.4081583969465647
87,CCTT,0.6067226890756302,4335,12301,0.00048660866384309055,0.48745966557427495,0.657285643186002,2.271482083075664,2.4786286059507625
88,AAGG,0.8157983193277311,4279,12230,0.0004675915721165284,0.48564463268833846,0.6092961972044809,2.3202602040228166,2.4969502897224762
89,TCCT,0.6480672268907564,4486,14664,0.0004576259554432292,0.48469349240617793,0.6391680824082993,1.867267628296214,2.298619376338967
90,AACG,0.5122689075630252,1848,2542,0.0004500499711065034,0.48397042386803274,0.7113549210723389,7.196641994210146,6.910133843212237
91,CGAA,0.5324369747899159,1615,2201,0.000418051050286344,0.48091637678038335,0.7372305220038335,7.496720902719461,7.530120481927711
92,AGCA,0.7939495798319328,4408,12915,0.0004163670483996162,0.48075565195198483,0.6478595956964848,2.0631951309821486,2.3453622392974753
93,CTAG,0.8759663865546219,3713,7437,0.0004070966353484067,0.4798708634261632,0.5722826533754052,3.409869118308237,2.7867809734513274
94,GAAG,0.7378151260504202,4299,12401,0.0003785319913910186,0.47714459124410746,0.6141876525396395,2.2433802593544803,2.472904945217649
95,GCTT,0.5250420168067227,4105,9559,0.00036617801457272724,0.4759655006386825,0.5732798032394323,2.5358385749481034,2.4282708492731446
96,CGTT,0.5623529411764706,1811,2450,0.00035709963508771423,0.47509904021701366,0.7135682545184634,7.158379915732202,6.719924812030075
97,CTTC,0.48336134453781515,4308,12287,0.00035606996843644864,0.4750007665766237,0.6282822382500403,2.2455364750423716,2.447504812675848
98,ACGA,0.7297478991596639,1541,2000,0.00033886878816166786,0.47335904825688496,0.7477445565658121,7.6273072414899055,7.5811518324607325
99,GGAA,0.7196638655462185,4436,13481,0.00032131108148359885,0.4716833022763462,0.6713749452640266,1.978783769909441,2.365160445317616
100,ACGT,0.5909243697478992,1883,2567,0.00030322605976206056,0.4699572281931246,0.6699924317088152,6.7685269580614555,5.771822358346095
101,TTCG,0.4433613445378151,1612,2211,0.0002779137792565654,0.46754136870229857,0.7422134501759634,7.574697814790946,7.669724770642202
102,CAGA,0.8470588235294118,4548,14925,0.00027430127561177696,0.46719658344227377,0.6447559055747818,1.6746366124497951,2.2088565022421527
103,TCCA,0.867563025210084,4369,12318,0.0002593742909303923,0.46577191933095013,0.605295198903509,2.0280387566493316,2.3363082589601927
104,AGGT,0.894453781512605,4170,10130,0.0002568687478751088,0.4655327848140714,0.5967357722822234,2.4495340772736194,2.448380747897656
105,CAGT,0.7747899159663866,4308,11104,0.0002447740580568417,0.4643784411278234,0.5526190228516721,2.0377948182326926,2.2918348339025147
106,AAGC,0.6265546218487394,4086,9485,0.00020729158201503452,0.46080103151964524,0.5969208126937025,2.6278270245547257,2.5092000774743366
107,CGAT,0.5774789915966386,1339,1674,0.0001787539864329162,0.45807734089376717,0.7541994078749782,7.671312266818125,7.382183908045977
108,TACG,0.5852100840336134,1143,1369,0.0001776660114514018,0.4579735021786303,0.8069011917562899,8.28281937562847,10.655
109,ACTG,0.5472268907563025,4264,10821,0.00016778417581031913,0.45703035814168314,0.5323088756531791,2.0974336433365504,2.313335455124125
110,TAGG,0.8887394957983193,3562,6912,0.00016766314256507668,0.4570188064636682,0.5425081584840712,3.5502505469122303,2.9457596643691937
111,CTGA,0.5670588235294117,4406,12511,0.00016686839417159608,0.4569429539363231,0.543616267171611,1.8102136348546072,2.189242764635919
112,TCGT,0.453109243697479,1503,1946,0.0001619097616017864,0.45646969118338016,0.731437853465323,7.4075281219304685,7.176470588235294
113,ATCG,0.48705882352941177,1334,1636,0.00015518954069159699,0.45582829858097107,0.7496272599835582,7.687169381001174,7.692771084337349
114,CTTG,0.5959663865546219,4218,10730,0.00014965358276874426,0.4552999346318661,0.5349248571080026,2.191367168399403,2.376816326530612
115,CTGT,0.5552941176470588,4455,12920,0.00013112616415439252,0.4535316372202492,0.6033511620074415,1.785665749256772,2.1999488294742227
116,ACCT,0.6974789915966386,4115,9877,0.00010315681738019008,0.4508621815051866,0.548365268176033,2.4371622021832993,2.4087018544935805
117,CGTA,0.5115966386554622,1128,1335,0.0001005068998596117,0.4506092675731288,0.7843049849326431,7.943812083875002,8.616
118,AGTC,0.5966386554621849,3740,7364,9.539741674785295e-05,0.45012160731406686,0.550402709382765,3.1900783709190352,2.6988547631441957
119,GTCA,0.7166386554621849,3780,7698,8.966573920859985e-05,0.44957456345610425,0.5260223195618093,3.0591387950435127,2.6438892970854764
120,CACT,0.84,4348,11269,7.77555076845349e-05,0.4484378248734585,0.5913922230968693,1.9771402213766338,2.257474341811691
121,TCGA,0.5640336134453782,1293,1602,7.470604519650379e-05,0.4481467774946169,0.7649578484491752,7.8749756916251785,7.804733727810651
122,CCTA,0.6164705882352941,3581,6902,5.924668580148097e-05,0.4466713023746076,0.5183862537545172,3.4177934834939103,2.8237646386746644
123,CAAG,0.8030252100840336,4187,10596,4.2299960110126496e-05,0.4450538697576217,0.5228350847703058,2.2397893070496764,2.381116020291278
124,TGTC,0.6840336134453782,4015,8971,3.549412867141376e-05,0.4444043062988647,0.5616697955124763,2.6843132782678882,2.56003256003256
125,TGCA,0.6346218487394958,4398,12204,3.4934321890072534e-05,0.44435087711355525,0.5631623557169688,1.8105945853093053,2.216657667386609
126,TTGC,0.6369747899159663,3949,8806,1.2176483550844133e-05,0.4421788191778599,0.48931853266837555,2.6308817178943045,2.524452629425005
127,GTTC,0.4998319327731092,3662,7004,1.1164676739231456e-05,0.44208225011968333,0.5233299288598876,3.2514284911672844,2.723762914627515
128,TGAC,0.6789915966386555,3713,7504,7.043370379307419e-06,0.44168890361413776,0.5054184291281855,3.161938631282059,2.7027231467473527
129,GACT,0.5700840336134454,3681,7255,2.3287228204022987e-06,0.44123892732501574,0.5282964559848876,3.2661759674897395,2.717425431711146
130,ACAG,0.7485714285714286,4445,13093,-3.186845265460944e-06,0.44071250942661117,0.5830721464737504,1.7854072000877728,2.2478481012658227
131,TCAG,0.7388235294117647,4423,12331,-1.0506849531168862e-05,0.44001387218709576,0.5422596074526123,1.6900097194038937,2.1344134802333117
132,TGGA,0.7092436974789916,4423,12541,-2.1604777584157523e-05,0.4389546616268503,0.608503799913929,1.8664075101979842,2.2829710628083744
133,CATC,0.7028571428571428,3862,8421,-4.939001535792466e-05,0.4363027776780279,0.5468366195308195,3.133957968952166,2.7600724309642373
134,GAAC,0.5825210084033613,3613,7034,-6.140265084385173e-05,0.4351562654369752,0.5240004010006022,3.455355505569128,2.8145205479452056
135,CCAA,0.8359663865546219,4113,10275,-6.35354579995405e-05,0.43495270565072625,0.5207436653851457,2.3519291545291003,2.4396946564885496
136,AACC,0.7230252100840336,3695,7653,-6.371838410116797e-05,0.43493524678293904,0.5107386416262419,3.2971717347390337,2.751486620416254
137,GGTT,0.6110924369747899,3730,7618,-6.52371610393326e-05,0.43479029138550984,0.5207804531601798,3.1813863054000233,2.792704402515723
138,GAGA,0.7176470588235294,4274,13228,-6.61035357570073e-05,0.4347076026849066,0.5182828405784695,2.192231165897973,2.4568359634000796
139,AGTG,0.7620168067226891,4258,11099,-6.772598395003605e-05,0.43455275267585064,0.5244578606403765,2.1103412799197634,2.33196409554237
140,GACA,0.7233613445378151,3954,8913,-7.811326091103098e-05,0.43356136821230495,0.5091290270715877,2.6652882658182317,2.530012004801921
141,GATG,0.8292436974789916,3916,8564,-9.495329089730123e-05,0.43195411886709906,0.5313302491382251,2.8162449317321476,2.608363404797283
142,ATCC,0.6736134453781513,3675,7428,-0.00010216238191896022,0.43126606743051976,0.5108596014913661,3.273271675180027,2.7483527622909274
143,GTCT,0.5751260504201681,3941,8608,-0.00010291658904277403,0.43119408425074585,0.5182733678565231,2.6928926667043998,2.555925155925156
144,TGGT,0.6968067226890756,4080,9823,-0.00010889478785454032,0.43062351186259956,0.5049917800846367,2.4621847496717635,2.538014879332245
145,GTGT,0.6278991596638656,3734,9261,-0.00011726871653535853,0.42982428576858317,0.4951675084714919,3.3669244769320104,3.163915894189464
146,GGTA,0.7072268907563025,3092,5070,-0.00014880220813941124,0.4268146602647099,0.49076863574689594,4.145903465548744,3.2473162675474816
147,GAGT,0.6087394957983193,3821,8042,-0.00015965714597441363,0.42577864122307024,0.49037010414329246,2.862501331258143,2.5735489587948606
148,ACCA,0.9169747899159664,4042,9857,-0.00016921230327571015,0.4248666760823686,0.4999007815474526,2.508957200912805,2.5130124777183602
149,CAAC,0.7126050420168067,3498,7025,-0.00017367958360061964,0.4244403090638469,0.48394792091813954,3.578790080166451,2.9625384400335477
150,GTAC,0.5700840336134454,2439,3540,-0.00019677609862589327,0.42223592708345997,0.5112718639783348,5.411236520115556,4.11302549965541
151,GGAT,0.6003361344537815,3701,7461,-0.00019726789333509526,0.4221889891192767,0.4766086409541556,3.032069519184863,2.627073815821111
152,GCAA,0.6726050420168067,3917,8695,-0.0001987385976431072,0.4220486218789588,0.49717033205942013,2.7237781991843173,2.5233494363929148
153,TTGG,0.6773109243697479,4159,10254,-0.00021437005150887068,0.4205567216857378,0.49748288665494056,2.206733001808539,2.4283336107874147
154,GCTA,0.6705882352941176,3238,5652,-0.000226781700175654,0.41937212675277874,0.48281452689629284,3.9227364350712564,3.0055153395380905
155,TACC,0.7297478991596639,2995,5006,-0.00022800213146370395,0.41925564611763816,0.4797663545409995,4.328616332060967,3.306317539484622
156,TGTG,0.6050420168067226,4247,13249,-0.00023163673978049247,0.41890875113930376,0.4873192796989815,2.2604940950426595,2.6546683216108122
157,AGAC,0.705546218487395,3914,8657,-0.00023740037118252845,0.4183586575346912,0.4445158458178187,2.4954917120803115,2.472849782005549
158,TAGC,0.6994957983193277,3247,5603,-0.00025806771527804817,0.4163861209482509,0.4712508881246082,3.86225599574175,3.0221837088388215
159,GATC,0.5492436974789916,3124,5254,-0.00025860358242566064,0.41633497661401764,0.4861750476884093,4.104597913892469,3.1021404431092754
160,TCAC,0.7431932773109243,4075,9395,-0.0002605276540836093,0.41615133900084894,0.5264947304268753,2.4751135140300473,2.4156193895870737
161,GTAG,0.8107563025210084,3230,5709,-0.00026469077240731025,0.41575400186990324,0.47891146363887843,3.9094116724186474,3.027238678924072
162,GTTG,0.7203361344537815,3534,6948,-0.0002686996312377345,0.4153713876028577,0.48927964305254773,3.501941194089148,2.9270173505921235
163,CACA,0.7670588235294118,4277,12973,-0.00027459940715774935,0.4148083000672632,0.501281983466119,2.219306640634599,2.632473867595819
164,ACAC,0.7499159663865547,3729,9030,-0.0002768291702824673,0.4145954865909756,0.48435008822456616,3.3121108973660682,3.1321774375140734
165,CTAC,0.6971428571428572,3161,5609,-0.0002941380721729181,0.41294348708430356,0.4635298494794279,3.970095070242455,3.0883379888268156
166,TCTC,0.5236974789915967,4333,12931,-0.0003072615069700274,0.41169095772410036,0.5383212548693999,2.0662365055185887,2.4375412214747394
167,ACTC,0.5401680672268907,3786,7974,-0.00031289192667491165,0.4111535781356265,0.4883957690757022,2.9664012133616042,2.652910997100156
168,ATGC,0.5284033613445378,3694,7368,-0.0003129926188879565,0.4111439678502757,0.4735551570806012,3.099877483556833,2.688273852876912
169,GCAT,0.6443697478991597,3631,7331,-0.00034203354934804134,0.40837223784123194,0.44107776473798976,3.1094066121695723,2.7221950024497796
170,TGAG,0.6094117647058823,4330,12400,-0.00035517170499170867,0.4071183034911913,0.5013618358351659,1.8895305501543547,2.2579056505961637
171,GTGA,0.6228571428571429,4044,9238,-0.00044056506389268034,0.39896817428771486,0.4567782383234977,2.3294743711013397,2.4276774539603077
172,CTCA,0.5821848739495799,4375,12332,-0.00047202522574274106,0.39596554753617064,0.5055312098790856,1.7684545063362702,2.2535048231511254
173,GTTA,0.47058823529411764,2986,5386,-0.0005174195813017461,0.39163301081813984,0.45112611525422086,4.248759356248107,3.442825112107623
174,TAAC,0.5737815126050421,2958,5324,-0.000517627430644949,0.39161317322158945,0.43303393081266467,4.29119015117649,3.4181681681681684
175,CTTA,0.40302521008403364,3418,6790,-0.0005833101325365721,0.385344272293697,0.4305560443005512,3.3988494800726547,2.984644396551724
176,CCAT,0.826218487394958,4000,9008,-0.0006170716740158062,0.3821219968298242,0.4466780734041522,2.3940106706366553,2.49590089269448
177,ATGG,0.786218487394958,3994,9126,-0.0006287102655701135,0.3810111841608425,0.4580649943720851,2.4365679837912344,2.490667623833453
178,TTAC,0.5805042016806723,3200,6177,-0.0006585741557409547,0.3781609090745441,0.4053506098312545,3.7105460857823935,3.1745169082125604
179,TAAG,0.6292436974789916,3368,6610,-0.0006915003532808776,0.37501836066582334,0.4249286737066374,3.5147987074482483,2.9443998930767172
180,GTAA,0.5089075630252101,3289,6216,-0.0007209500613154804,0.37220761602975616,0.4328442495318045,3.6455746438574277,3.0552677029360966
181,TAGT,0.7015126050420168,2998,5521,-0.0007501074665136969,0.3694247694166002,0.38462654663548235,3.8884326614306266,3.2619363395225465
182,ACTA,0.8225210084033614,3020,5526,-0.0007811754499213525,0.36645957303455484,0.3930564527282196,3.919701419620263,3.245987553226335
183,TTAG,0.7021848739495798,3421,6874,-0.0007902373458693395,0.36559468583776245,0.39358272530928845,3.28994601035595,2.8769000747570397
184,AGTT,0.7072268907563025,3865,8868,-0.0008213247454383855,0.3626276363347484,0.41245337975032725,2.573959659143987,2.5697014105147464
185,AGTA,0.7573109243697479,3266,6465,-0.0008286299354785258,0.3619304129973676,0.3891230429790321,3.5309111088883363,3.0354917366567324
186,TATC,0.5243697478991597,2840,4880,-0.0008362266093815376,0.3612053698017015,0.38502526579020513,4.101909281087737,3.4276706231454006
187,ACTT,0.5425210084033614,3960,9322,-0.0008386746714437863,0.36097172139669387,0.3992851768294022,2.3745294423834062,2.5039478201167182
188,CTAA,0.5741176470588235,3389,6809,-0.0008458514371437817,0.36028675515961367,0.3654932195210002,3.1726238656081067,2.851888422611701
189,TCTA,0.6030252100840336,3522,7315,-0.0008550647570935815,0.3594074157244368,0.38443737532963135,3.137416638142242,2.871938418474458
190,TACT,0.5371428571428571,3227,6334,-0.0008631268444135506,0.3586379524529,0.36988169563452755,3.515557251800887,3.0804756637168142
191,ATTG,0.4897478991596639,3418,7059,-0.0008698169220280528,0.3579994367926516,0.4005438033167379,3.3242478943806226,2.954712362301102
192,AATC,0.46621848739495797,3514,7179,-0.000886018451357589,0.35645312734857926,0.38358191324115326,3.088975425370288,2.808574739281576
193,GATT,0.5327731092436975,3506,7063,-0.000907590316769247,0.354394261266629,0.38465848923177987,3.119796116198319,2.8369078482205987
194,GTAT,0.508235294117647,2809,4990,-0.0009159138502197762,0.35359984500376784,0.40125837729581315,4.278044208452977,3.5931952662721893
195,GATA,0.5341176470588235,2814,4739,-0.0009171280605434796,0.35348395811108974,0.4139160937135342,4.336865025963199,3.6524105754276825
196,AAGT,0.6285714285714286,3922,9127,-0.0009286794036614529,0.35238147262396485,0.38715131115130286,2.410326323214414,2.492429456297316
197,CTAT,0.5734453781512605,3032,5545,-0.0009494058114699039,0.35040329886740007,0.3938310203223404,3.9022869150248543,3.2846761453396525
198,TAGA,0.8104201680672269,3560,7389,-0.0009512635076367194,0.3502259962764819,0.3860930514871355,2.967138979909638,2.7902113459399334
199,AACT,0.5391596638655463,3845,8798,-0.0009529411456369174,0.3500658788313521,0.3999211733716223,2.5357197110428187,2.582032667876588
200,ATCT,0.440672268907563,3940,9092,-0.0009586682767091014,0.34951926889816426,0.38595210956161496,2.35463115027272,2.4810690423162582
201,CAAT,0.6759663865546218,3462,7051,-0.0009645151686474329,0.34896122872560903,0.38817216503687624,3.184976755338517,2.9388928828181164
202,CATG,0.6228571428571429,3912,8769,-0.000971904024099865,0.3482560201780337,0.4183082104443934,2.522591202760288,2.5429904864476756
203,AGAT,0.8161344537815126,3876,8958,-0.0009783386454107871,0.34764188582690375,0.3469083379203569,2.330130896799203,2.50339543792443
204,ATAC,0.45546218487394957,2735,4780,-0.0009876870893840253,0.346749649858979,0.4022120300826229,4.390924627711499,3.797971918876755
205,GTTT,0.4238655462184874,3969,10365,-0.0010089714048971523,0.34471822816914116,0.4317983155869765,2.530809734937324,2.6709915104917505
206,GAAT,0.4363025210084034,3737,8456,-0.0010103540676261802,0.34458626380995155,0.387406228067229,2.767182019148146,2.694359171143515
207,ATAG,0.7119327731092437,2972,5420,-0.0010226193532508485,0.3434156380862988,0.3598532832606302,3.8277216187841407,3.300632911392405
208,ATTC,0.41680672268907565,3785,8400,-0.001054438036223988,0.340378793293529,0.39167981806122143,2.696501931916714,2.6766444232602478
209,TATG,0.586218487394958,3081,6038,-0.001090418346827557,0.3369447536448442,0.37360943393690554,3.719186697703587,3.268397033656589
210,TTTC,0.5310924369747899,4344,14728,-0.0010951104513535993,0.3364969289121527,0.4436816726047456,1.8795772282368115,2.4219984843563926
211,ATCA,0.6853781512605042,3552,7580,-0.0011136258027528631,0.3347297832219736,0.37615684874881306,3.044154052132347,2.801824740080628
212,ACAA,0.7495798319327731,3892,9682,-0.0011372811716715146,0.33247206300199156,0.4252555931487635,2.698230282527848,2.7934782608695654
213,TGTT,0.46016806722689074,4062,10761,-0.0011458104643681658,0.3316580086260231,0.4186108346971428,2.2852146790329044,2.5895066328812044
214,AAGA,0.7374789915966387,4201,12818,-0.0011465948557023578,0.3315831445991008,0.4303607434792794,2.0978751740500288,2.519573400250941
215,CATA,0.5932773109243697,3074,5833,-0.0011583865827701008,0.3304577163413169,0.3630973706654706,3.7280764268719206,3.2906304222093694
216,AAAG,0.6389915966386555,4375,14065,-0.0011754112170757555,0.32883284795554546,0.4298159793070428,1.7234522156600898,2.357810267121029
217,ATGA,0.5559663865546218,3775,8704,-0.0011779344831130297,0.3285920219184484,0.3937146324787967,2.696390369897162,2.7176427391224527
218,TGAT,0.5361344537815126,3556,7525,-0.001181127420222829,0.3282872810074647,0.3617197848186549,2.9157692568973888,2.822420004238186
219,TCAT,0.5694117647058824,3741,8669,-0.0011852668960452232,0.327892200368626,0.3677400848111419,2.6692340301206334,2.733739837398374
220,TACA,0.6174789915966387,3449,7389,-0.0011862529321537587,0.3277980909227945,0.3382704758825697,3.0185202871721843,2.926979924994485
221,TTGT,0.440672268907563,3900,9691,-0.00119169045460111,0.3272791218710664,0.4316907149619792,2.6332379440741374,2.7944549033030976
222,TGTA,0.5378151260504201,3506,7563,-0.0011918408552066735,0.3272647673078615,0.3617090043919462,3.125340541883783,2.889603429796356
223,AATG,0.5273949579831932,4002,10475,-0.0012258820514369744,0.3240158009820423,0.3907000978465228,2.326730660418578,2.54729931363772
224,CTTT,0.44672268907563023,4334,14052,-0.0012286429782017837,0.3237522920845808,0.45072438140456705,1.842788050870042,2.411300189077967
225,AAAC,0.47294117647058825,4016,10564,-0.0012303790096656626,0.32358660143938295,0.4129837372860975,2.3973688476185973,2.6526909589876504
226,TCTT,0.34991596638655464,4229,12687,-0.0012308063504816661,0.3235458150959345,0.457122201695326,2.0804137136748837,2.5426405559065066
227,CATT,0.666218487394958,3944,10455,-0.001246617608092358,0.32203675403948834,0.3567182028078682,2.3090893919026785,2.5446827524575513
228,TGAA,0.467563025210084,4183,11714,-0.001259162105573509,0.3208394797247184,0.3561461502069506,1.8259730992586236,2.291948833709556
229,TCAA,0.5791596638655462,3829,8787,-0.0012610951698721986,0.3206549838342216,0.3523511110618677,2.4398550395455594,2.5973551418131198
230,TTCA,0.6107563025210084,4205,11599,-0.0012611405418807289,0.3206506534303529,0.4098325691310616,1.9405542520785495,2.386886951996878
231,AACA,0.6951260504201681,4026,10972,-0.0012672541015264478,0.3200671619077446,0.36717067040181467,2.2772980009333947,2.632656044437948
232,GAAA,0.4779831932773109,4370,14768,-0.00127930866217822,0.31891664823703836,0.4665119037917824,1.862237692112524,2.4482758620689653
233,TTCT,0.3912605042016807,4444,15138,-0.001285235503830568,0.31835097748867025,0.4779199974937809,1.6936960074132381,2.313512425797364
234,TTGA,0.5304201680672269,3789,8657,-0.001293853066891718,0.31752849839578284,0.3781866805308293,2.608277499459571,2.684248295658414
235,ATGT,0.5919327731092437,3751,8655,-0.0013125857892720542,0.31574060634308065,0.35499414287022957,2.6459420625415095,2.7086259679452547
236,AGAA,0.7196638655462185,4435,15261,-0.0013488504782796194,0.31227942499666816,0.44835224990513123,1.6354223399573127,2.364370019166751
237,ACAT,0.5761344537815126,3704,8466,-0.0013509617752713366,0.31207791818758057,0.34767449216052215,2.70671564963952,2.743429516632972
238,CAAA,0.6030252100840336,4226,12771,-0.0015582911581193892,0.2922899477922688,0.368420873350668,1.8481793510633926,2.4180625512475107
239,TTAA,0.4003361344537815,3631,10305,-0.0016243660011039142,0.28598362005959577,0.34579136464600685,2.9214392257916444,2.985332043842682
240,TTTG,0.4221848739495798,4230,12671,-0.0016964143443642442,0.27910716837733934,0.4030744451530767,1.9413515173365368,2.4925213675213675
241,TAAT,0.39966386554621847,3314,8119,-0.001710470375294178,0.2777656299996316,0.33879341490346104,3.3221238373149355,3.279315960912052
242,ATTA,0.6487394957983194,3281,8040,-0.0017416851437069795,0.27478642413520427,0.3090812111482475,3.2431122260327223,3.2741705678811317
243,TTAT,0.39966386554621847,3407,8901,-0.001945302399120014,0.25535274731265434,0.3451192313193456,3.317332014807918,3.353688141923436
244,AATT,0.4053781512605042,3782,11058,-0.002023996030657826,0.24784205476257318,0.2960746563696243,2.4191837006519856,2.7536508803057185
245,ATAA,0.5757983193277311,3360,8799,-0.002061634217481654,0.24424978377631862,0.32650742351706935,3.2981429266833002,3.3783633327147893
246,TATA,0.5078991596638656,2722,6203,-0.002061770182205061,0.2442368070053244,0.3477255930318459,4.311376860453393,4.573850574712644
247,TTTA,0.4292436974789916,3810,12047,-0.0021554386894234202,0.2352968795220678,0.33891081444093113,2.639684514445997,2.8972916394086092
248,TATT,0.39899159663865547,3510,9991,-0.0021672481125846925,0.23416976231035916,0.31703675610617094,3.011109532173328,3.181643440653532
249,AATA,0.6584873949579831,3516,9932,-0.002268054550056583,0.22454857513009088,0.311889417150824,2.978520687107135,3.2282556463238827
250,TAAA,0.5085714285714286,3848,12090,-0.0023291780699947226,0.2187148125134357,0.3187230033659007,2.503786506392081,2.900345401048996
251,ATAT,0.5136134453781512,3060,7697,-0.0023703051749217243,0.21478955154192725,0.31879286056176437,3.777366254868678,4.060804899387577
252,ATTT,0.4047058823529412,4073,15060,-0.0026925718935390027,0.1840317100831189,0.31310349534816695,2.1057610943300853,2.666174298375185
253,AAAT,0.5142857142857142,4068,15032,-0.0027499643708916543,0.17855404634261476,0.30340781660961413,2.0470316122873653,2.6392133956386292
254,TTTT,0.2742857142857143,4016,22584,-0.00423797250415365,0.036535291043705,0.3498745756429961,2.7190266376614205,3.4237208574557974
255,AAAA,0.585546218487395,4007,22578,-0.004620772720292036,0.0,0.31070586526082733,2.5805207359154703,3.3961305007587255
